{
    "t": 0.06647807637906648,
    "А": 0.055162659123055166,
    "Ъ": 0.021216407355021217,
    "Ч": 0.06789250353606789,
    "Х": 0.13295615275813297,
    "Ы": 0.05233380480905234,
    "1": 0.06364922206506365,
    "5": 0.016973125884016973,
    "Я": 0.019801980198019802,
    " ": 0.02545968882602546,
    "<": 0.0297029702970297,
    "Ф": 0.019801980198019802,
    "Б": 0.09618104667609619,
    "7": 0.016973125884016973,
    "Е": 0.014144271570014143,
    "Ь": 0.10183875530410184,
    "Щ": 0.02263083451202263,
    "Л": 0.01272984441301273,
    "2": 0.015558698727015558,
    "Й": 0.011315417256011316,
    "Д": 0.028288543140028287,
    "r": 0.014144271570014143,
    ">": 0.018387553041018388,
    "М": 0.009900990099009901,
    "И": 0.019801980198019802,
    "8": 0.004243281471004243,
    "О": 0.011315417256011316,
    "Ш": 0.008486562942008486,
    "-": 0.0014144271570014145,
    "У": 0.0014144271570014145,
    "К": 0.016973125884016973,
    "4": 0.002828854314002829
}